"term","OR","LCL","UCL"
"qsmk",1.8743157192610087,1.4023157797181989,2.505184257553514
